{"name":"f76c21db-09c8-4aa6-b137-2b4217718248","id":"/providers/Microsoft.Flow/flows/f76c21db-09c8-4aa6-b137-2b4217718248","type":"Microsoft.Flow/flows","properties":{"apiId":"/providers/Microsoft.PowerApps/apis/shared_logicflows","displayName":"AddRow","definition":{"metadata":{"workflowEntityId":null,"processAdvisorMetadata":null,"flowclientsuspensionreason":"None","flowclientsuspensionreasondetails":null,"flowclientsuspensiontime":null,"creator":{"id":"d0bb8451-a70d-48df-a57b-ebc19a874013","type":"User","tenantId":"717a6780-22a7-4d5b-bfc0-b448649ef073"},"provisioningMethod":"FromDefinition","failureAlertSubscription":true,"clientLastModifiedTime":"2022-10-31T20:05:19.9658183Z"},"$schema":"https://schema.management.azure.com/providers/Microsoft.Logic/schemas/2016-06-01/workflowdefinition.json#","contentVersion":"1.0.0.0","parameters":{"$connections":{"defaultValue":{},"type":"Object"},"$authentication":{"defaultValue":{},"type":"SecureObject"},"sharepoint.site":{"defaultValue":"","type":"String"},"sharepoint.list":{"defaultValue":"","type":"String"}},"triggers":{"When_a_new_item_is_created":{"recurrence":{"frequency":"Minute","interval":3},"splitOn":"@triggerBody()?.value","metadata":{"operationMetadataId":"873ec86a-cbc1-48b9-a276-7c7c4910e575","flowSystemMetadata":{"swaggerOperationId":"GetOnNewItems"}},"type":"ApiConnection","inputs":{"host":{"connection":{"name":"@parameters('$connections')['shared_sharepointonline']['connectionId']"},"api":{"runtimeUrl":"https://brazil-001.azure-apim.net/apim/sharepointonline"}},"method":"get","path":"/datasets/@{encodeURIComponent(encodeURIComponent('https://lncgomz.sharepoint.com/sites/lncgomzdeveloper'))}/tables/@{encodeURIComponent(encodeURIComponent('bceb88af-e2a8-4731-b51b-087348d26181'))}/onnewitems","authentication":"@parameters('$authentication')"},"conditions":[]}},"actions":{"Insert_row_(V2)":{"runAfter":{},"metadata":{"operationMetadataId":"7d5cdbe2-9bcb-40ef-9766-572148325c0c","flowSystemMetadata":{"swaggerOperationId":"PostItem_V2"}},"type":"ApiConnection","inputs":{"host":{"connection":{"name":"@parameters('$connections')['shared_sql']['connectionId']"},"api":{"runtimeUrl":"https://brazil-001.azure-apim.net/apim/sql"}},"method":"post","body":{"Id":"@triggerBody()?['ID']","Name":"@triggerBody()?['Name']","MainPOC":"@triggerBody()?['MainPOC']","TacticalPOC":"@triggerBody()?['TacticalPOC']","OperativePOC":"@triggerBody()?['OperativePOC']"},"path":"/v2/datasets/@{encodeURIComponent(encodeURIComponent('default'))},@{encodeURIComponent(encodeURIComponent('default'))}/tables/@{encodeURIComponent(encodeURIComponent('[dbo].[Clients]'))}/items","authentication":"@parameters('$authentication')"}}},"description":"Create a custom action to happen when a new item is added to SharePoint. It could be sending an email, copying the item to a folder or web service, or more if you decide."},"connectionReferences":{"shared_sharepointonline":{"connectionName":"shared-sharepointonl-8ee52c44-9e53-4b35-a9b7-bd1d1f80231f","source":"Embedded","id":"/providers/Microsoft.PowerApps/apis/shared_sharepointonline","tier":"NotSpecified"},"shared_sql":{"connectionName":"shared-sql-67e0db78-d223-4098-8768-44fce43baf8f","source":"Embedded","id":"/providers/Microsoft.PowerApps/apis/shared_sql","tier":"NotSpecified"}},"flowFailureAlertSubscribed":false,"isManaged":false}}