{"name":"20088bf1-501a-46ef-a708-bc1ca5f8b5b6","id":"/providers/Microsoft.Flow/flows/20088bf1-501a-46ef-a708-bc1ca5f8b5b6","type":"Microsoft.Flow/flows","properties":{"apiId":"/providers/Microsoft.PowerApps/apis/shared_logicflows","displayName":"UpdateRow","definition":{"metadata":{"workflowEntityId":null,"processAdvisorMetadata":null,"flowclientsuspensionreason":"None","flowclientsuspensiontime":null,"flowclientsuspensionreasondetails":null,"creator":{"id":"d0bb8451-a70d-48df-a57b-ebc19a874013","type":"User","tenantId":"717a6780-22a7-4d5b-bfc0-b448649ef073"},"provisioningMethod":"FromDefinition","failureAlertSubscription":true,"clientLastModifiedTime":"2022-10-31T20:30:08.5363449Z"},"$schema":"https://schema.management.azure.com/providers/Microsoft.Logic/schemas/2016-06-01/workflowdefinition.json#","contentVersion":"1.0.0.0","parameters":{"$connections":{"defaultValue":{},"type":"Object"},"$authentication":{"defaultValue":{},"type":"SecureObject"},"sharepoint.site":{"defaultValue":"","type":"String"},"sharepoint.list":{"defaultValue":"","type":"String"}},"triggers":{"When_an_item_is_created_or_modified":{"recurrence":{"frequency":"Minute","interval":3},"metadata":{"operationMetadataId":"c638ce2e-caed-467f-a299-5a6b353d5d6a","flowSystemMetadata":{"swaggerOperationId":"GetOnUpdatedItems"}},"type":"ApiConnection","inputs":{"host":{"connection":{"name":"@parameters('$connections')['shared_sharepointonline']['connectionId']"},"api":{"runtimeUrl":"https://brazil-001.azure-apim.net/apim/sharepointonline"}},"method":"get","path":"/datasets/@{encodeURIComponent(encodeURIComponent('https://lncgomz.sharepoint.com/sites/lncgomzdeveloper/'))}/tables/@{encodeURIComponent(encodeURIComponent('bceb88af-e2a8-4731-b51b-087348d26181'))}/onupdateditems","authentication":"@parameters('$authentication')"}}},"actions":{"Apply_to_each":{"foreach":"@triggerBody()?['value']","actions":{"Update_row_(V2)":{"runAfter":{},"metadata":{"operationMetadataId":"021a0bcb-4fe9-4a3c-8479-29c4cbf0b6bb","flowSystemMetadata":{"swaggerOperationId":"PatchItem_V2"}},"type":"ApiConnection","inputs":{"host":{"connection":{"name":"@parameters('$connections')['shared_sql']['connectionId']"},"api":{"runtimeUrl":"https://brazil-001.azure-apim.net/apim/sql"}},"method":"patch","body":{"Name":"@items('Apply_to_each')?['Name']","MainPOC":"@items('Apply_to_each')?['MainPOC']","TacticalPOC":"@items('Apply_to_each')?['TacticalPOC']","OperativePOC":"@items('Apply_to_each')?['OperativePOC']"},"path":"/v2/datasets/@{encodeURIComponent(encodeURIComponent('default'))},@{encodeURIComponent(encodeURIComponent('default'))}/tables/@{encodeURIComponent(encodeURIComponent('[dbo].[Clients]'))}/items/@{encodeURIComponent(encodeURIComponent(items('Apply_to_each')?['ID']))}","authentication":"@parameters('$authentication')"}}},"runAfter":{},"metadata":{"operationMetadataId":"fdd7a7ce-2632-410c-b2f6-4fb294d05a76"},"type":"Foreach"}},"description":"Create a custom action to happen when a new item is added to SharePoint. It could be sending an email, copying the item to a folder or web service, or more if you decide."},"connectionReferences":{"shared_sharepointonline":{"connectionName":"shared-sharepointonl-8ee52c44-9e53-4b35-a9b7-bd1d1f80231f","source":"Embedded","id":"/providers/Microsoft.PowerApps/apis/shared_sharepointonline","tier":"NotSpecified"},"shared_sql":{"connectionName":"shared-sql-67e0db78-d223-4098-8768-44fce43baf8f","source":"Embedded","id":"/providers/Microsoft.PowerApps/apis/shared_sql","tier":"NotSpecified"}},"flowFailureAlertSubscribed":false,"isManaged":false}}