{"name":"968c28f1-9d47-4656-af36-5e11b199dc33","id":"/providers/Microsoft.Flow/flows/968c28f1-9d47-4656-af36-5e11b199dc33","type":"Microsoft.Flow/flows","properties":{"apiId":"/providers/Microsoft.PowerApps/apis/shared_logicflows","displayName":"DeleteRow","definition":{"metadata":{"workflowEntityId":null,"processAdvisorMetadata":null,"flowclientsuspensionreason":"None","flowclientsuspensiontime":null,"flowclientsuspensionreasondetails":null,"creator":{"id":"d0bb8451-a70d-48df-a57b-ebc19a874013","type":"User","tenantId":"717a6780-22a7-4d5b-bfc0-b448649ef073"},"provisioningMethod":"FromDefinition","failureAlertSubscription":true,"clientLastModifiedTime":"2022-10-31T20:53:07.4259805Z"},"$schema":"https://schema.management.azure.com/providers/Microsoft.Logic/schemas/2016-06-01/workflowdefinition.json#","contentVersion":"1.0.0.0","parameters":{"$connections":{"defaultValue":{},"type":"Object"},"$authentication":{"defaultValue":{},"type":"SecureObject"},"sharepoint.site":{"defaultValue":"","type":"String"},"sharepoint.list":{"defaultValue":"","type":"String"}},"triggers":{"When_an_item_is_deleted":{"recurrence":{"frequency":"Minute","interval":3},"metadata":{"operationMetadataId":"84a6352d-bbad-4a49-8bdf-f05d796caedf","flowSystemMetadata":{"swaggerOperationId":"GetOnDeletedItems"}},"type":"ApiConnection","inputs":{"host":{"connection":{"name":"@parameters('$connections')['shared_sharepointonline']['connectionId']"},"api":{"runtimeUrl":"https://brazil-001.azure-apim.net/apim/sharepointonline"}},"method":"get","path":"/datasets/@{encodeURIComponent(encodeURIComponent('https://lncgomz.sharepoint.com/sites/lncgomzdeveloper/'))}/tables/@{encodeURIComponent(encodeURIComponent('bceb88af-e2a8-4731-b51b-087348d26181'))}/ondeleteditems","authentication":"@parameters('$authentication')"}}},"actions":{"Apply_to_each_3":{"foreach":"@triggerBody()?['value']","actions":{"Delete_row_(V2)":{"runAfter":{},"metadata":{"operationMetadataId":"677c582b-ea3c-4118-8c20-37e8428f1777","flowSystemMetadata":{"swaggerOperationId":"DeleteItem_V2"}},"type":"ApiConnection","inputs":{"host":{"connection":{"name":"@parameters('$connections')['shared_sql']['connectionId']"},"api":{"runtimeUrl":"https://brazil-001.azure-apim.net/apim/sql"}},"method":"delete","path":"/v2/datasets/@{encodeURIComponent(encodeURIComponent('default'))},@{encodeURIComponent(encodeURIComponent('default'))}/tables/@{encodeURIComponent(encodeURIComponent('[dbo].[Clients]'))}/items/@{encodeURIComponent(encodeURIComponent(items('Apply_to_each_3')?['ID']))}","authentication":"@parameters('$authentication')"}}},"runAfter":{},"metadata":{"operationMetadataId":"5118582a-8f92-4464-a6b8-87f79145e369"},"type":"Foreach"}},"description":"Create a custom action to happen when a new item is added to SharePoint. It could be sending an email, copying the item to a folder or web service, or more if you decide."},"connectionReferences":{"shared_sharepointonline":{"connectionName":"shared-sharepointonl-8ee52c44-9e53-4b35-a9b7-bd1d1f80231f","source":"Embedded","id":"/providers/Microsoft.PowerApps/apis/shared_sharepointonline","tier":"NotSpecified"},"shared_sql":{"connectionName":"shared-sql-67e0db78-d223-4098-8768-44fce43baf8f","source":"Embedded","id":"/providers/Microsoft.PowerApps/apis/shared_sql","tier":"NotSpecified"}},"flowFailureAlertSubscribed":false,"isManaged":false}}